,,rank1,rank2,rank3,rank4,rank5
Mean,tax,0.8019480519480519,0.8974025974025974,0.8337662337662337,0.9792207792207792,0.957142857142857
Mean,transit,0.9506493506493505,0.9136363636363637,1.0025974025974027,0.9772727272727272,1.0772727272727274
Mean,driver,0.5461038961038962,0.525974025974026,0.48311688311688317,0.5071428571428571,0.535064935064935
Entropy,tax,1.2909796760518082,1.3273890398386574,1.4196322543617184,1.4876961798629533,1.5589000680017442
Entropy,transit,1.0831067728064556,0.935799829805123,1.107915484475195,1.1743744502075528,1.3772641041414113
Entropy,driver,1.5170500475272817,1.4626963163631084,1.5075773481069148,1.2807921238244204,1.3703781016365029
